oprcom,oprcode,oprjoin,oprkind,oprleft,oprname,oprrest,oprowner,oprright,oprnegate,oprresult,oprcanhash,oprcanmerge,oprnamespace
0,starts_with,prefixjoinsel,b,25,^@,prefixsel,10,25,0,16,false,false,11
0,array_append,-,b,2277,||,-,10,2283,0,2277,false,false,11
0,array_prepend,-,b,2283,||,-,10,2277,0,2277,false,false,11
0,array_cat,-,b,2277,||,-,10,2277,0,2277,false,false,11
0,xideqint4,eqjoinsel,b,28,=,eqsel,10,23,3316,16,false,false,11
0,xidneqint4,neqjoinsel,b,28,<>,neqsel,10,23,353,16,false,false,11
0,numeric_fac,-,r,20,!,-,10,0,0,1700,false,false,11
0,numeric_fac,-,l,0,!!,-,10,20,0,1700,false,false,11
0,int8mod,-,b,20,%,-,10,20,0,20,false,false,11
0,int8abs,-,l,0,@,-,10,20,0,20,false,false,11
0,int8um,-,l,0,-,-,10,20,0,20,false,false,11
0,poly_left,positionjoinsel,b,604,<<,positionsel,10,604,0,16,false,false,11
0,poly_overleft,positionjoinsel,b,604,&<,positionsel,10,604,0,16,false,false,11
0,poly_overright,positionjoinsel,b,604,&>,positionsel,10,604,0,16,false,false,11
0,poly_right,positionjoinsel,b,604,>>,positionsel,10,604,0,16,false,false,11
0,box_left,positionjoinsel,b,603,<<,positionsel,10,603,0,16,false,false,11
0,box_overleft,positionjoinsel,b,603,&<,positionsel,10,603,0,16,false,false,11
0,box_overright,positionjoinsel,b,603,&>,positionsel,10,603,0,16,false,false,11
0,box_right,positionjoinsel,b,603,>>,positionsel,10,603,0,16,false,false,11
0,point_above,positionjoinsel,b,600,>^,positionsel,10,600,0,16,false,false,11
0,point_left,positionjoinsel,b,600,<<,positionsel,10,600,0,16,false,false,11
0,point_right,positionjoinsel,b,600,>>,positionsel,10,600,0,16,false,false,11
0,point_below,positionjoinsel,b,600,<^,positionsel,10,600,0,16,false,false,11
0,box_center,-,l,0,@@,-,10,603,0,600,false,false,11
0,int2div,-,b,21,/,-,10,21,0,21,false,false,11
0,int4div,-,b,23,/,-,10,23,0,23,false,false,11
0,int2mod,-,b,21,%,-,10,21,0,21,false,false,11
0,int4mod,-,b,23,%,-,10,23,0,23,false,false,11
0,int24div,-,b,21,/,-,10,23,0,23,false,false,11
0,int42div,-,b,23,/,-,10,21,0,23,false,false,11
0,int2mi,-,b,21,-,-,10,21,0,21,false,false,11
0,int4mi,-,b,23,-,-,10,23,0,23,false,false,11
0,int24mi,-,b,21,-,-,10,23,0,23,false,false,11
0,int42mi,-,b,23,-,-,10,21,0,23,false,false,11
0,int4um,-,l,0,-,-,10,23,0,23,false,false,11
0,int2um,-,l,0,-,-,10,21,0,21,false,false,11
0,tintervalct,-,b,704,<<,-,10,704,0,16,false,false,11
0,tintervalleneq,-,b,704,#=,-,10,703,576,16,false,false,11
0,tintervallenne,-,b,704,#<>,-,10,703,575,16,false,false,11
0,tintervallenlt,-,b,704,#<,-,10,703,580,16,false,false,11
0,tintervallengt,-,b,704,#>,-,10,703,579,16,false,false,11
0,tintervallenle,-,b,704,#<=,-,10,703,578,16,false,false,11
0,tintervallenge,-,b,704,#>=,-,10,703,577,16,false,false,11
0,timepl,-,b,702,+,-,10,703,0,702,false,false,11
0,timemi,-,b,702,-,-,10,703,0,702,false,false,11
0,intinterval,-,b,702,<?>,-,10,704,0,16,false,false,11
0,float4um,-,l,0,-,-,10,700,0,700,false,false,11
0,float8um,-,l,0,-,-,10,701,0,701,false,false,11
0,float4mi,-,b,700,-,-,10,700,0,700,false,false,11
0,float4div,-,b,700,/,-,10,700,0,700,false,false,11
0,float4abs,-,l,0,@,-,10,700,0,700,false,false,11
0,float8mi,-,b,701,-,-,10,701,0,701,false,false,11
0,float8div,-,b,701,/,-,10,701,0,701,false,false,11
0,float8abs,-,l,0,@,-,10,701,0,701,false,false,11
0,dsqrt,-,l,0,|/,-,10,701,0,701,false,false,11
0,dcbrt,-,l,0,||/,-,10,701,0,701,false,false,11
0,tintervalstart,-,l,0,|,-,10,704,0,702,false,false,11
0,mktinterval,-,b,702,<#>,-,10,702,0,704,false,false,11
0,dist_pl,-,b,600,<->,-,10,628,0,701,false,false,11
0,dist_ps,-,b,600,<->,-,10,601,0,701,false,false,11
0,dist_pb,-,b,600,<->,-,10,603,0,701,false,false,11
0,dist_sl,-,b,601,<->,-,10,628,0,701,false,false,11
0,dist_sb,-,b,601,<->,-,10,603,0,701,false,false,11
0,dist_ppath,-,b,600,<->,-,10,602,0,701,false,false,11
0,nameregexeq,regexeqjoinsel,b,19,~,regexeqsel,10,25,640,16,false,false,11
0,nameregexne,regexnejoinsel,b,19,!~,regexnesel,10,25,639,16,false,false,11
0,textregexeq,regexeqjoinsel,b,25,~,regexeqsel,10,25,642,16,false,false,11
0,textregexne,regexnejoinsel,b,25,!~,regexnesel,10,25,641,16,false,false,11
0,textcat,-,b,25,||,-,10,25,0,25,false,false,11
0,int2abs,-,l,0,@,-,10,21,0,21,false,false,11
0,int8mi,-,b,20,-,-,10,20,0,20,false,false,11
0,int8div,-,b,20,/,-,10,20,0,20,false,false,11
0,int84mi,-,b,20,-,-,10,23,0,20,false,false,11
0,int84div,-,b,20,/,-,10,23,0,20,false,false,11
0,int48mi,-,b,23,-,-,10,20,0,20,false,false,11
0,int48div,-,b,23,/,-,10,20,0,20,false,false,11
0,int82mi,-,b,20,-,-,10,21,0,20,false,false,11
0,int82div,-,b,20,/,-,10,21,0,20,false,false,11
0,int28mi,-,b,21,-,-,10,20,0,20,false,false,11
0,int28div,-,b,21,/,-,10,20,0,20,false,false,11
0,point_sub,-,b,600,-,-,10,600,0,600,false,false,11
0,point_div,-,b,600,/,-,10,600,0,600,false,false,11
0,path_add_pt,-,b,602,+,-,10,600,0,602,false,false,11
0,path_sub_pt,-,b,602,-,-,10,600,0,602,false,false,11
0,path_mul_pt,-,b,602,*,-,10,600,0,602,false,false,11
0,path_div_pt,-,b,602,/,-,10,600,0,602,false,false,11
0,int4abs,-,l,0,@,-,10,23,0,23,false,false,11
0,path_npoints,-,l,0,#,-,10,602,0,23,false,false,11
0,path_inter,-,b,602,?#,-,10,602,0,16,false,false,11
0,path_length,-,l,0,@-@,-,10,602,0,701,false,false,11
0,box_above_eq,positionjoinsel,b,603,>^,positionsel,10,603,0,16,false,false,11
0,box_below_eq,positionjoinsel,b,603,<^,positionsel,10,603,0,16,false,false,11
0,box_overlap,areajoinsel,b,603,?#,areasel,10,603,0,16,false,false,11
0,box_intersect,-,b,603,#,-,10,603,0,603,false,false,11
0,box_add,-,b,603,+,-,10,600,0,603,false,false,11
0,box_sub,-,b,603,-,-,10,600,0,603,false,false,11
0,box_mul,-,b,603,*,-,10,600,0,603,false,false,11
0,box_div,-,b,603,/,-,10,600,0,603,false,false,11
0,cash_div_flt4,-,b,790,/,-,10,700,0,790,false,false,11
0,cash_mi,-,b,790,-,-,10,790,0,790,false,false,11
0,cash_div_flt8,-,b,790,/,-,10,701,0,790,false,false,11
0,cash_div_int8,-,b,790,/,-,10,20,0,790,false,false,11
0,cash_div_int4,-,b,790,/,-,10,23,0,790,false,false,11
0,cash_div_int2,-,b,790,/,-,10,21,0,790,false,false,11
0,cash_div_cash,-,b,790,/,-,10,790,0,701,false,false,11
0,dpow,-,b,701,^,-,10,701,0,701,false,false,11
0,aclinsert,-,b,1034,+,-,10,1033,0,1034,false,false,11
0,aclremove,-,b,1034,-,-,10,1033,0,1034,false,false,11
0,aclcontains,-,b,1034,@>,-,10,1033,0,16,false,false,11
0,lseg_center,-,l,0,@@,-,10,601,0,600,false,false,11
0,path_center,-,l,0,@@,-,10,602,0,600,false,false,11
0,poly_center,-,l,0,@@,-,10,604,0,600,false,false,11
0,bpcharregexeq,regexeqjoinsel,b,1042,~,regexeqsel,10,25,1056,16,false,false,11
0,bpcharregexne,regexnejoinsel,b,1042,!~,regexnesel,10,25,1055,16,false,false,11
0,date_mi_interval,-,b,1082,-,-,10,1186,0,1114,false,false,11
0,date_mi,-,b,1082,-,-,10,1082,0,23,false,false,11
0,date_mii,-,b,1082,-,-,10,23,0,1082,false,false,11
0,float48mi,-,b,700,-,-,10,701,0,701,false,false,11
0,float48div,-,b,700,/,-,10,701,0,701,false,false,11
0,float84mi,-,b,701,-,-,10,700,0,701,false,false,11
0,float84div,-,b,701,/,-,10,700,0,701,false,false,11
0,namelike,likejoinsel,b,19,~~,likesel,10,25,1208,16,false,false,11
0,namenlike,nlikejoinsel,b,19,!~~,nlikesel,10,25,1207,16,false,false,11
0,textlike,likejoinsel,b,25,~~,likesel,10,25,1210,16,false,false,11
0,textnlike,nlikejoinsel,b,25,!~~,nlikesel,10,25,1209,16,false,false,11
0,bpcharlike,likejoinsel,b,1042,~~,likesel,10,25,1212,16,false,false,11
0,bpcharnlike,nlikejoinsel,b,1042,!~~,nlikesel,10,25,1211,16,false,false,11
0,nameicregexeq,icregexeqjoinsel,b,19,~*,icregexeqsel,10,25,1227,16,false,false,11
0,nameicregexne,icregexnejoinsel,b,19,!~*,icregexnesel,10,25,1226,16,false,false,11
0,texticregexeq,icregexeqjoinsel,b,25,~*,icregexeqsel,10,25,1229,16,false,false,11
0,texticregexne,icregexnejoinsel,b,25,!~*,icregexnesel,10,25,1228,16,false,false,11
0,bpcharicregexeq,icregexeqjoinsel,b,1042,~*,icregexeqsel,10,25,1235,16,false,false,11
0,bpcharicregexne,icregexnejoinsel,b,1042,!~*,icregexnesel,10,25,1234,16,false,false,11
0,timestamptz_mi,-,b,1184,-,-,10,1184,0,1186,false,false,11
0,timestamptz_mi_interval,-,b,1184,-,-,10,1186,0,1184,false,false,11
0,interval_um,-,l,0,-,-,10,1186,0,1186,false,false,11
0,interval_mi,-,b,1186,-,-,10,1186,0,1186,false,false,11
0,time_mi_time,-,b,1083,-,-,10,1083,0,1186,false,false,11
0,circle_center,-,l,0,@@,-,10,718,0,600,false,false,11
0,circle_left,positionjoinsel,b,718,<<,positionsel,10,718,0,16,false,false,11
0,circle_overleft,positionjoinsel,b,718,&<,positionsel,10,718,0,16,false,false,11
0,circle_overright,positionjoinsel,b,718,&>,positionsel,10,718,0,16,false,false,11
0,circle_right,positionjoinsel,b,718,>>,positionsel,10,718,0,16,false,false,11
0,circle_above,positionjoinsel,b,718,|>>,positionsel,10,718,0,16,false,false,11
0,circle_below,positionjoinsel,b,718,<<|,positionsel,10,718,0,16,false,false,11
0,circle_add_pt,-,b,718,+,-,10,600,0,718,false,false,11
0,circle_sub_pt,-,b,718,-,-,10,600,0,718,false,false,11
0,circle_mul_pt,-,b,718,*,-,10,600,0,718,false,false,11
0,circle_div_pt,-,b,718,/,-,10,600,0,718,false,false,11
0,poly_npoints,-,l,0,#,-,10,604,0,23,false,false,11
0,dist_cpoly,-,b,718,<->,-,10,604,0,701,false,false,11
0,dist_lb,-,b,628,<->,-,10,603,0,701,false,false,11
0,lseg_horizontal,-,l,0,?-,-,10,601,0,16,false,false,11
0,lseg_vertical,-,l,0,?|,-,10,601,0,16,false,false,11
0,inter_sl,-,b,601,?#,-,10,628,0,16,false,false,11
0,inter_sb,-,b,601,?#,-,10,603,0,16,false,false,11
0,inter_lb,-,b,628,?#,-,10,603,0,16,false,false,11
0,on_pl,-,b,600,<@,-,10,628,0,16,false,false,11
0,on_ps,-,b,600,<@,-,10,601,0,16,false,false,11
0,on_sl,-,b,601,<@,-,10,628,0,16,false,false,11
0,on_sb,-,b,601,<@,-,10,603,0,16,false,false,11
0,close_pl,-,b,600,##,-,10,628,0,600,false,false,11
0,close_ps,-,b,600,##,-,10,601,0,600,false,false,11
0,close_pb,-,b,600,##,-,10,603,0,600,false,false,11
0,close_sl,-,b,601,##,-,10,628,0,600,false,false,11
0,close_sb,-,b,601,##,-,10,603,0,600,false,false,11
0,close_lb,-,b,628,##,-,10,603,0,600,false,false,11
0,close_ls,-,b,628,##,-,10,601,0,600,false,false,11
0,close_lseg,-,b,601,##,-,10,601,0,600,false,false,11
0,interval_div,-,b,1186,/,-,10,701,0,1186,false,false,11
0,lseg_length,-,l,0,@-@,-,10,601,0,701,false,false,11
0,line_horizontal,-,l,0,?-,-,10,628,0,16,false,false,11
0,line_vertical,-,l,0,?|,-,10,628,0,16,false,false,11
0,macaddr_not,-,l,0,~,-,10,829,0,829,false,false,11
0,macaddr_and,-,b,829,&,-,10,829,0,829,false,false,11
0,macaddr_or,-,b,829,|,-,10,829,0,829,false,false,11
0,macaddr8_not,-,l,0,~,-,10,774,0,774,false,false,11
0,macaddr8_and,-,b,774,&,-,10,774,0,774,false,false,11
0,macaddr8_or,-,b,774,|,-,10,774,0,774,false,false,11
0,inetnot,-,l,0,~,-,10,869,0,869,false,false,11
0,inetand,-,b,869,&,-,10,869,0,869,false,false,11
0,inetor,-,b,869,|,-,10,869,0,869,false,false,11
0,inetmi_int8,-,b,869,-,-,10,20,0,869,false,false,11
0,inetmi,-,b,869,-,-,10,869,0,20,false,false,11
0,nameiclike,iclikejoinsel,b,19,~~*,iclikesel,10,25,1626,16,false,false,11
0,nameicnlike,icnlikejoinsel,b,19,!~~*,icnlikesel,10,25,1625,16,false,false,11
0,texticlike,iclikejoinsel,b,25,~~*,iclikesel,10,25,1628,16,false,false,11
0,texticnlike,icnlikejoinsel,b,25,!~~*,icnlikesel,10,25,1627,16,false,false,11
0,bpchariclike,iclikejoinsel,b,1042,~~*,iclikesel,10,25,1630,16,false,false,11
0,bpcharicnlike,icnlikejoinsel,b,1042,!~~*,icnlikesel,10,25,1629,16,false,false,11
0,numeric_uminus,-,l,0,-,-,10,1700,0,1700,false,false,11
0,numeric_sub,-,b,1700,-,-,10,1700,0,1700,false,false,11
0,numeric_div,-,b,1700,/,-,10,1700,0,1700,false,false,11
0,numeric_mod,-,b,1700,%,-,10,1700,0,1700,false,false,11
0,numeric_power,-,b,1700,^,-,10,1700,0,1700,false,false,11
0,numeric_abs,-,l,0,@,-,10,1700,0,1700,false,false,11
0,bitnot,-,l,0,~,-,10,1560,0,1560,false,false,11
0,bitshiftleft,-,b,1560,<<,-,10,23,0,1560,false,false,11
0,bitshiftright,-,b,1560,>>,-,10,23,0,1560,false,false,11
0,bitcat,-,b,1562,||,-,10,1562,0,1562,false,false,11
0,time_mi_interval,-,b,1083,-,-,10,1186,0,1083,false,false,11
0,timetz_mi_interval,-,b,1266,-,-,10,1186,0,1266,false,false,11
0,int2not,-,l,0,~,-,10,21,0,21,false,false,11
0,int2shl,-,b,21,<<,-,10,23,0,21,false,false,11
0,int2shr,-,b,21,>>,-,10,23,0,21,false,false,11
0,int4not,-,l,0,~,-,10,23,0,23,false,false,11
0,int4shl,-,b,23,<<,-,10,23,0,23,false,false,11
0,int4shr,-,b,23,>>,-,10,23,0,23,false,false,11
0,int8not,-,l,0,~,-,10,20,0,20,false,false,11
0,int8shl,-,b,20,<<,-,10,23,0,20,false,false,11
0,int8shr,-,b,20,>>,-,10,23,0,20,false,false,11
0,int8up,-,l,0,+,-,10,20,0,20,false,false,11
0,int2up,-,l,0,+,-,10,21,0,21,false,false,11
0,int4up,-,l,0,+,-,10,23,0,23,false,false,11
0,float4up,-,l,0,+,-,10,700,0,700,false,false,11
0,float8up,-,l,0,+,-,10,701,0,701,false,false,11
0,numeric_uplus,-,l,0,+,-,10,1700,0,1700,false,false,11
0,bytealike,likejoinsel,b,17,~~,likesel,10,17,2017,16,false,false,11
0,byteanlike,nlikejoinsel,b,17,!~~,nlikesel,10,17,2016,16,false,false,11
0,byteacat,-,b,17,||,-,10,17,0,17,false,false,11
0,timestamp_mi,-,b,1114,-,-,10,1114,0,1186,false,false,11
0,timestamp_mi_interval,-,b,1114,-,-,10,1186,0,1114,false,false,11
0,box_below,positionjoinsel,b,603,<<|,positionsel,10,603,0,16,false,false,11
0,box_overbelow,positionjoinsel,b,603,&<|,positionsel,10,603,0,16,false,false,11
0,box_overabove,positionjoinsel,b,603,|&>,positionsel,10,603,0,16,false,false,11
0,box_above,positionjoinsel,b,603,|>>,positionsel,10,603,0,16,false,false,11
0,poly_below,positionjoinsel,b,604,<<|,positionsel,10,604,0,16,false,false,11
0,poly_overbelow,positionjoinsel,b,604,&<|,positionsel,10,604,0,16,false,false,11
0,poly_overabove,positionjoinsel,b,604,|&>,positionsel,10,604,0,16,false,false,11
0,poly_above,positionjoinsel,b,604,|>>,positionsel,10,604,0,16,false,false,11
0,circle_overbelow,positionjoinsel,b,718,&<|,positionsel,10,718,0,16,false,false,11
0,circle_overabove,positionjoinsel,b,718,|&>,positionsel,10,718,0,16,false,false,11
0,textanycat,-,b,25,||,-,10,2776,0,25,false,false,11
0,anytextcat,-,b,2776,||,-,10,25,0,25,false,false,11
0,on_pb,-,b,600,@,-,10,603,0,16,false,false,11
0,on_pl,-,b,600,@,-,10,628,0,16,false,false,11
0,on_ps,-,b,600,@,-,10,601,0,16,false,false,11
0,on_sl,-,b,601,@,-,10,628,0,16,false,false,11
0,on_sb,-,b,601,@,-,10,603,0,16,false,false,11
0,aclcontains,-,b,1034,~,-,10,1033,0,16,false,false,11
0,pg_lsn_mi,-,b,3220,-,-,10,3220,0,1700,false,false,11
0,tsvector_concat,-,b,3614,||,-,10,3614,0,3614,false,false,11
0,tsquery_and,-,b,3615,&&,-,10,3615,0,3615,false,false,11
0,tsquery_or,-,b,3615,||,-,10,3615,0,3615,false,false,11
0,pg_catalog.tsquery_phrase,-,b,3615,<->,-,10,3615,0,3615,false,false,11
0,tsquery_not,-,l,0,!!,-,10,3615,0,3615,false,false,11
0,ts_match_tt,contjoinsel,b,25,@@,contsel,10,25,0,16,false,false,11
0,ts_match_tq,contjoinsel,b,25,@@,contsel,10,3615,0,16,false,false,11
0,range_overleft,scalarltjoinsel,b,3831,&<,rangesel,10,3831,0,16,false,false,11
0,range_overright,scalargtjoinsel,b,3831,&>,rangesel,10,3831,0,16,false,false,11
0,range_minus,-,b,3831,-,-,10,3831,0,3831,false,false,11
0,json_object_field,-,b,114,->,-,10,25,0,114,false,false,11
0,json_object_field_text,-,b,114,->>,-,10,25,0,25,false,false,11
0,json_array_element,-,b,114,->,-,10,23,0,114,false,false,11
0,json_array_element_text,-,b,114,->>,-,10,23,0,25,false,false,11
0,json_extract_path,-,b,114,#>,-,10,1009,0,114,false,false,11
0,json_extract_path_text,-,b,114,#>>,-,10,1009,0,25,false,false,11
0,jsonb_object_field,-,b,3802,->,-,10,25,0,3802,false,false,11
0,jsonb_object_field_text,-,b,3802,->>,-,10,25,0,25,false,false,11
0,jsonb_array_element,-,b,3802,->,-,10,23,0,3802,false,false,11
0,jsonb_array_element_text,-,b,3802,->>,-,10,23,0,25,false,false,11
0,jsonb_extract_path,-,b,3802,#>,-,10,1009,0,3802,false,false,11
0,jsonb_extract_path_text,-,b,3802,#>>,-,10,1009,0,25,false,false,11
0,jsonb_exists,contjoinsel,b,3802,?,contsel,10,25,0,16,false,false,11
0,jsonb_exists_any,contjoinsel,b,3802,?|,contsel,10,1009,0,16,false,false,11
0,jsonb_exists_all,contjoinsel,b,3802,?&,contsel,10,1009,0,16,false,false,11
0,jsonb_concat,-,b,3802,||,-,10,3802,0,3802,false,false,11
0,pg_catalog.jsonb_delete,-,b,3802,-,-,10,25,0,3802,false,false,11
0,pg_catalog.jsonb_delete,-,b,3802,-,-,10,1009,0,3802,false,false,11
0,pg_catalog.jsonb_delete,-,b,3802,-,-,10,23,0,3802,false,false,11
0,jsonb_delete_path,-,b,3802,#-,-,10,1009,0,3802,false,false,11
15,int84eq,eqjoinsel,b,20,=,eqsel,10,23,417,16,true,true,11
36,int84ne,neqjoinsel,b,20,<>,neqsel,10,23,416,16,false,false,11
37,int84gt,scalargtjoinsel,b,20,>,scalargtsel,10,23,420,16,false,false,11
58,boolgt,scalargtjoinsel,b,16,>,scalargtsel,10,16,1694,16,false,false,11
59,boollt,scalarltjoinsel,b,16,<,scalarltsel,10,16,1695,16,false,false,11
76,int84lt,scalarltjoinsel,b,20,<,scalarltsel,10,23,430,16,false,false,11
80,int84ge,scalargejoinsel,b,20,>=,scalargesel,10,23,418,16,false,false,11
82,int84le,scalarlejoinsel,b,20,<=,scalarlesel,10,23,419,16,false,false,11
85,boolne,neqjoinsel,b,16,<>,neqsel,10,16,91,16,false,false,11
91,booleq,eqjoinsel,b,16,=,eqsel,10,16,85,16,true,true,11
92,chareq,eqjoinsel,b,18,=,eqsel,10,18,630,16,true,true,11
93,nameeq,eqjoinsel,b,19,=,eqsel,10,19,643,16,true,true,11
94,int2eq,eqjoinsel,b,21,=,eqsel,10,21,519,16,true,true,11
95,int2gt,scalargtjoinsel,b,21,>,scalargtsel,10,21,522,16,false,false,11
96,int4eq,eqjoinsel,b,23,=,eqsel,10,23,518,16,true,true,11
97,int4gt,scalargtjoinsel,b,23,>,scalargtsel,10,23,523,16,false,false,11
98,texteq,eqjoinsel,b,25,=,eqsel,10,25,531,16,true,true,11
352,xideq,eqjoinsel,b,28,=,eqsel,10,28,3315,16,true,false,11
385,cideq,eqjoinsel,b,29,=,eqsel,10,29,0,16,true,false,11
387,tideq,eqjoinsel,b,27,=,eqsel,10,27,402,16,false,true,11
402,tidne,neqjoinsel,b,27,<>,neqsel,10,27,387,16,false,false,11
410,int8eq,eqjoinsel,b,20,=,eqsel,10,20,411,16,true,true,11
411,int8ne,neqjoinsel,b,20,<>,neqsel,10,20,410,16,false,false,11
412,int8gt,scalargtjoinsel,b,20,>,scalargtsel,10,20,414,16,false,false,11
413,int8lt,scalarltjoinsel,b,20,<,scalarltsel,10,20,415,16,false,false,11
414,int8ge,scalargejoinsel,b,20,>=,scalargesel,10,20,412,16,false,false,11
415,int8le,scalarlejoinsel,b,20,<=,scalarlesel,10,20,413,16,false,false,11
416,int48eq,eqjoinsel,b,23,=,eqsel,10,20,36,16,true,true,11
417,int48ne,neqjoinsel,b,23,<>,neqsel,10,20,15,16,false,false,11
418,int48gt,scalargtjoinsel,b,23,>,scalargtsel,10,20,80,16,false,false,11
419,int48lt,scalarltjoinsel,b,23,<,scalarltsel,10,20,82,16,false,false,11
420,int48ge,scalargejoinsel,b,23,>=,scalargesel,10,20,37,16,false,false,11
430,int48le,scalarlejoinsel,b,23,<=,scalarlesel,10,20,76,16,false,false,11
433,on_pb,contjoinsel,b,600,<@,contsel,10,603,0,16,false,false,11
489,poly_contain,contjoinsel,b,604,@>,contsel,10,604,0,16,false,false,11
490,poly_contained,contjoinsel,b,604,<@,contsel,10,604,0,16,false,false,11
491,poly_same,eqjoinsel,b,604,~=,eqsel,10,604,0,16,false,false,11
492,poly_overlap,areajoinsel,b,604,&&,areasel,10,604,0,16,false,false,11
497,box_contain,contjoinsel,b,603,@>,contsel,10,603,0,16,false,false,11
498,box_contained,contjoinsel,b,603,<@,contsel,10,603,0,16,false,false,11
499,box_same,eqjoinsel,b,603,~=,eqsel,10,603,0,16,false,false,11
500,box_overlap,areajoinsel,b,603,&&,areasel,10,603,0,16,false,false,11
501,box_le,areajoinsel,b,603,<=,areasel,10,603,502,16,false,false,11
502,box_lt,areajoinsel,b,603,<,areasel,10,603,501,16,false,false,11
503,box_eq,eqjoinsel,b,603,=,eqsel,10,603,0,16,false,false,11
504,box_gt,areajoinsel,b,603,>,areasel,10,603,505,16,false,false,11
505,box_ge,areajoinsel,b,603,>=,areasel,10,603,504,16,false,false,11
510,point_eq,eqjoinsel,b,600,~=,eqsel,10,600,713,16,false,false,11
511,box_contain_pt,contjoinsel,b,603,@>,contsel,10,600,0,16,false,false,11
512,path_contain_pt,-,b,602,@>,-,10,600,0,16,false,false,11
514,int4mul,-,b,23,*,-,10,23,0,23,false,false,11
517,point_distance,-,b,600,<->,-,10,600,0,701,false,false,11
518,int4ne,neqjoinsel,b,23,<>,neqsel,10,23,96,16,false,false,11
519,int2ne,neqjoinsel,b,21,<>,neqsel,10,21,94,16,false,false,11
520,int2lt,scalarltjoinsel,b,21,<,scalarltsel,10,21,524,16,false,false,11
521,int4lt,scalarltjoinsel,b,23,<,scalarltsel,10,23,525,16,false,false,11
522,int2ge,scalargejoinsel,b,21,>=,scalargesel,10,21,95,16,false,false,11
523,int4ge,scalargejoinsel,b,23,>=,scalargesel,10,23,97,16,false,false,11
524,int2le,scalarlejoinsel,b,21,<=,scalarlesel,10,21,520,16,false,false,11
525,int4le,scalarlejoinsel,b,23,<=,scalarlesel,10,23,521,16,false,false,11
526,int2mul,-,b,21,*,-,10,21,0,21,false,false,11
531,textne,neqjoinsel,b,25,<>,neqsel,10,25,98,16,false,false,11
532,int42eq,eqjoinsel,b,23,=,eqsel,10,21,539,16,true,true,11
533,int24eq,eqjoinsel,b,21,=,eqsel,10,23,538,16,true,true,11
534,int42gt,scalargtjoinsel,b,23,>,scalargtsel,10,21,541,16,false,false,11
535,int24gt,scalargtjoinsel,b,21,>,scalargtsel,10,23,540,16,false,false,11
536,int42lt,scalarltjoinsel,b,23,<,scalarltsel,10,21,543,16,false,false,11
537,int24lt,scalarltjoinsel,b,21,<,scalarltsel,10,23,542,16,false,false,11
538,int42ne,neqjoinsel,b,23,<>,neqsel,10,21,533,16,false,false,11
539,int24ne,neqjoinsel,b,21,<>,neqsel,10,23,532,16,false,false,11
540,int42ge,scalargejoinsel,b,23,>=,scalargesel,10,21,535,16,false,false,11
541,int24ge,scalargejoinsel,b,21,>=,scalargesel,10,23,534,16,false,false,11
542,int42le,scalarlejoinsel,b,23,<=,scalarlesel,10,21,537,16,false,false,11
543,int24le,scalarlejoinsel,b,21,<=,scalarlesel,10,23,536,16,false,false,11
544,int42mul,-,b,23,*,-,10,21,0,23,false,false,11
545,int24mul,-,b,21,*,-,10,23,0,23,false,false,11
550,int2pl,-,b,21,+,-,10,21,0,21,false,false,11
551,int4pl,-,b,23,+,-,10,23,0,23,false,false,11
552,int42pl,-,b,23,+,-,10,21,0,23,false,false,11
553,int24pl,-,b,21,+,-,10,23,0,23,false,false,11
560,abstimeeq,eqjoinsel,b,702,=,eqsel,10,702,561,16,true,true,11
561,abstimene,neqjoinsel,b,702,<>,neqsel,10,702,560,16,false,false,11
562,abstimegt,scalargtjoinsel,b,702,>,scalargtsel,10,702,564,16,false,false,11
563,abstimelt,scalarltjoinsel,b,702,<,scalarltsel,10,702,565,16,false,false,11
564,abstimege,scalargejoinsel,b,702,>=,scalargesel,10,702,562,16,false,false,11
565,abstimele,scalarlejoinsel,b,702,<=,scalarlesel,10,702,563,16,false,false,11
566,reltimeeq,eqjoinsel,b,703,=,eqsel,10,703,567,16,true,true,11
567,reltimene,neqjoinsel,b,703,<>,neqsel,10,703,566,16,false,false,11
568,reltimegt,scalargtjoinsel,b,703,>,scalargtsel,10,703,570,16,false,false,11
569,reltimelt,scalarltjoinsel,b,703,<,scalarltsel,10,703,571,16,false,false,11
570,reltimege,scalargejoinsel,b,703,>=,scalargesel,10,703,568,16,false,false,11
571,reltimele,scalarlejoinsel,b,703,<=,scalarlesel,10,703,569,16,false,false,11
572,tintervalsame,eqjoinsel,b,704,~=,eqsel,10,704,0,16,false,false,11
574,tintervalov,-,b,704,&&,-,10,704,0,16,false,false,11
586,float4pl,-,b,700,+,-,10,700,0,700,false,false,11
589,float4mul,-,b,700,*,-,10,700,0,700,false,false,11
591,float8pl,-,b,701,+,-,10,701,0,701,false,false,11
594,float8mul,-,b,701,*,-,10,701,0,701,false,false,11
607,oideq,eqjoinsel,b,26,=,eqsel,10,26,608,16,true,true,11
608,oidne,neqjoinsel,b,26,<>,neqsel,10,26,607,16,false,false,11
609,oidgt,scalargtjoinsel,b,26,>,scalargtsel,10,26,611,16,false,false,11
610,oidlt,scalarltjoinsel,b,26,<,scalarltsel,10,26,612,16,false,false,11
611,oidge,scalargejoinsel,b,26,>=,scalargesel,10,26,609,16,false,false,11
612,oidle,scalarlejoinsel,b,26,<=,scalarlesel,10,26,610,16,false,false,11
620,float4eq,eqjoinsel,b,700,=,eqsel,10,700,621,16,true,true,11
621,float4ne,neqjoinsel,b,700,<>,neqsel,10,700,620,16,false,false,11
622,float4gt,scalargtjoinsel,b,700,>,scalargtsel,10,700,624,16,false,false,11
623,float4lt,scalarltjoinsel,b,700,<,scalarltsel,10,700,625,16,false,false,11
624,float4ge,scalargejoinsel,b,700,>=,scalargesel,10,700,622,16,false,false,11
625,float4le,scalarlejoinsel,b,700,<=,scalarlesel,10,700,623,16,false,false,11
630,charne,neqjoinsel,b,18,<>,neqsel,10,18,92,16,false,false,11
631,chargt,scalargtjoinsel,b,18,>,scalargtsel,10,18,632,16,false,false,11
632,charge,scalargejoinsel,b,18,>=,scalargesel,10,18,631,16,false,false,11
633,charlt,scalarltjoinsel,b,18,<,scalarltsel,10,18,634,16,false,false,11
634,charle,scalarlejoinsel,b,18,<=,scalarlesel,10,18,633,16,false,false,11
643,namene,neqjoinsel,b,19,<>,neqsel,10,19,93,16,false,false,11
644,oidvectorne,neqjoinsel,b,30,<>,neqsel,10,30,649,16,false,false,11
645,oidvectorgt,scalargtjoinsel,b,30,>,scalargtsel,10,30,647,16,false,false,11
646,oidvectorlt,scalarltjoinsel,b,30,<,scalarltsel,10,30,648,16,false,false,11
647,oidvectorge,scalargejoinsel,b,30,>=,scalargesel,10,30,645,16,false,false,11
648,oidvectorle,scalarlejoinsel,b,30,<=,scalarlesel,10,30,646,16,false,false,11
649,oidvectoreq,eqjoinsel,b,30,=,eqsel,10,30,644,16,true,true,11
660,namegt,scalargtjoinsel,b,19,>,scalargtsel,10,19,661,16,false,false,11
661,namege,scalargejoinsel,b,19,>=,scalargesel,10,19,660,16,false,false,11
662,namelt,scalarltjoinsel,b,19,<,scalarltsel,10,19,663,16,false,false,11
663,namele,scalarlejoinsel,b,19,<=,scalarlesel,10,19,662,16,false,false,11
664,text_gt,scalargtjoinsel,b,25,>,scalargtsel,10,25,665,16,false,false,11
665,text_ge,scalargejoinsel,b,25,>=,scalargesel,10,25,664,16,false,false,11
666,text_lt,scalarltjoinsel,b,25,<,scalarltsel,10,25,667,16,false,false,11
667,text_le,scalarlejoinsel,b,25,<=,scalarlesel,10,25,666,16,false,false,11
670,float8eq,eqjoinsel,b,701,=,eqsel,10,701,671,16,true,true,11
671,float8ne,neqjoinsel,b,701,<>,neqsel,10,701,670,16,false,false,11
672,float8gt,scalargtjoinsel,b,701,>,scalargtsel,10,701,673,16,false,false,11
673,float8ge,scalargejoinsel,b,701,>=,scalargesel,10,701,672,16,false,false,11
674,float8lt,scalarltjoinsel,b,701,<,scalarltsel,10,701,675,16,false,false,11
675,float8le,scalarlejoinsel,b,701,<=,scalarlesel,10,701,674,16,false,false,11
684,int8pl,-,b,20,+,-,10,20,0,20,false,false,11
686,int8mul,-,b,20,*,-,10,20,0,20,false,false,11
688,int48pl,-,b,23,+,-,10,20,0,20,false,false,11
690,int48mul,-,b,23,*,-,10,20,0,20,false,false,11
692,int84pl,-,b,20,+,-,10,23,0,20,false,false,11
694,int84mul,-,b,20,*,-,10,23,0,20,false,false,11
706,box_distance,-,b,603,<->,-,10,603,0,701,false,false,11
707,path_distance,-,b,602,<->,-,10,602,0,701,false,false,11
708,line_distance,-,b,628,<->,-,10,628,0,701,false,false,11
709,lseg_distance,-,b,601,<->,-,10,601,0,701,false,false,11
712,poly_distance,-,b,604,<->,-,10,604,0,701,false,false,11
713,point_ne,neqjoinsel,b,600,<>,neqsel,10,600,510,16,false,false,11
731,point_add,-,b,600,+,-,10,600,0,600,false,false,11
733,point_mul,-,b,600,*,-,10,600,0,600,false,false,11
735,path_add,-,b,602,+,-,10,602,0,602,false,false,11
755,on_ppath,-,b,600,<@,-,10,602,0,16,false,false,11
756,poly_contain_pt,contjoinsel,b,604,@>,contsel,10,600,0,16,false,false,11
757,pt_contained_poly,contjoinsel,b,600,<@,contsel,10,604,0,16,false,false,11
758,circle_contain_pt,contjoinsel,b,718,@>,contsel,10,600,0,16,false,false,11
759,pt_contained_circle,contjoinsel,b,600,<@,contsel,10,718,0,16,false,false,11
792,path_n_eq,eqjoinsel,b,602,=,eqsel,10,602,0,16,false,false,11
793,path_n_gt,-,b,602,>,-,10,602,0,16,false,false,11
794,path_n_lt,-,b,602,<,-,10,602,0,16,false,false,11
795,path_n_ge,-,b,602,>=,-,10,602,0,16,false,false,11
796,path_n_le,-,b,602,<=,-,10,602,0,16,false,false,11
808,point_horiz,-,b,600,?-,-,10,600,0,16,false,false,11
809,point_vert,-,b,600,?|,-,10,600,0,16,false,false,11
811,tintervaleq,eqjoinsel,b,704,=,eqsel,10,704,812,16,false,true,11
812,tintervalne,neqjoinsel,b,704,<>,neqsel,10,704,811,16,false,false,11
813,tintervalgt,scalargtjoinsel,b,704,>,scalargtsel,10,704,815,16,false,false,11
814,tintervallt,scalarltjoinsel,b,704,<,scalarltsel,10,704,816,16,false,false,11
815,tintervalge,scalargejoinsel,b,704,>=,scalargesel,10,704,813,16,false,false,11
816,tintervalle,scalarlejoinsel,b,704,<=,scalarlesel,10,704,814,16,false,false,11
818,int28pl,-,b,21,+,-,10,20,0,20,false,false,11
820,int28mul,-,b,21,*,-,10,20,0,20,false,false,11
822,int82pl,-,b,20,+,-,10,21,0,20,false,false,11
824,int82mul,-,b,20,*,-,10,21,0,20,false,false,11
843,flt4_mul_cash,-,b,700,*,-,10,790,0,790,false,false,11
845,cash_mul_flt4,-,b,790,*,-,10,700,0,790,false,false,11
900,cash_eq,eqjoinsel,b,790,=,eqsel,10,790,901,16,false,true,11
901,cash_ne,neqjoinsel,b,790,<>,neqsel,10,790,900,16,false,false,11
902,cash_gt,scalargtjoinsel,b,790,>,scalargtsel,10,790,904,16,false,false,11
903,cash_lt,scalarltjoinsel,b,790,<,scalarltsel,10,790,905,16,false,false,11
904,cash_ge,scalargejoinsel,b,790,>=,scalargesel,10,790,902,16,false,false,11
905,cash_le,scalarlejoinsel,b,790,<=,scalarlesel,10,790,903,16,false,false,11
906,cash_pl,-,b,790,+,-,10,790,0,790,false,false,11
908,flt8_mul_cash,-,b,701,*,-,10,790,0,790,false,false,11
912,int4_mul_cash,-,b,23,*,-,10,790,0,790,false,false,11
914,int2_mul_cash,-,b,21,*,-,10,790,0,790,false,false,11
916,cash_mul_flt8,-,b,790,*,-,10,701,0,790,false,false,11
917,cash_mul_int4,-,b,790,*,-,10,23,0,790,false,false,11
918,cash_mul_int2,-,b,790,*,-,10,21,0,790,false,false,11
931,network_sup,networkjoinsel,b,869,>>,networksel,10,869,0,16,false,false,11
932,network_supeq,networkjoinsel,b,869,>>=,networksel,10,869,0,16,false,false,11
933,network_sub,networkjoinsel,b,869,<<,networksel,10,869,0,16,false,false,11
934,network_subeq,networkjoinsel,b,869,<<=,networksel,10,869,0,16,false,false,11
974,aclitemeq,eqjoinsel,b,1033,=,eqsel,10,1033,0,16,true,false,11
1054,bpchareq,eqjoinsel,b,1042,=,eqsel,10,1042,1057,16,true,true,11
1057,bpcharne,neqjoinsel,b,1042,<>,neqsel,10,1042,1054,16,false,false,11
1058,bpchargt,scalargtjoinsel,b,1042,>,scalargtsel,10,1042,1059,16,false,false,11
1059,bpcharge,scalargejoinsel,b,1042,>=,scalargesel,10,1042,1058,16,false,false,11
1060,bpcharlt,scalarltjoinsel,b,1042,<,scalarltsel,10,1042,1061,16,false,false,11
1061,bpcharle,scalarlejoinsel,b,1042,<=,scalarlesel,10,1042,1060,16,false,false,11
1070,array_eq,eqjoinsel,b,2277,=,eqsel,10,2277,1071,16,true,true,11
1071,array_ne,neqjoinsel,b,2277,<>,neqsel,10,2277,1070,16,false,false,11
1072,array_gt,scalargtjoinsel,b,2277,>,scalargtsel,10,2277,1074,16,false,false,11
1073,array_lt,scalarltjoinsel,b,2277,<,scalarltsel,10,2277,1075,16,false,false,11
1074,array_ge,scalargejoinsel,b,2277,>=,scalargesel,10,2277,1072,16,false,false,11
1075,array_le,scalarlejoinsel,b,2277,<=,scalarlesel,10,2277,1073,16,false,false,11
1076,interval_pl_date,-,b,1186,+,-,10,1082,0,1114,false,false,11
1093,date_eq,eqjoinsel,b,1082,=,eqsel,10,1082,1094,16,true,true,11
1094,date_ne,neqjoinsel,b,1082,<>,neqsel,10,1082,1093,16,false,false,11
1095,date_gt,scalargtjoinsel,b,1082,>,scalargtsel,10,1082,1096,16,false,false,11
1096,date_ge,scalargejoinsel,b,1082,>=,scalargesel,10,1082,1095,16,false,false,11
1097,date_lt,scalarltjoinsel,b,1082,<,scalarltsel,10,1082,1098,16,false,false,11
1098,date_le,scalarlejoinsel,b,1082,<=,scalarlesel,10,1082,1097,16,false,false,11
1100,integer_pl_date,-,b,23,+,-,10,1082,0,1082,false,false,11
1108,time_eq,eqjoinsel,b,1083,=,eqsel,10,1083,1109,16,true,true,11
1109,time_ne,neqjoinsel,b,1083,<>,neqsel,10,1083,1108,16,false,false,11
1110,time_gt,scalargtjoinsel,b,1083,>,scalargtsel,10,1083,1111,16,false,false,11
1111,time_ge,scalargejoinsel,b,1083,>=,scalargesel,10,1083,1110,16,false,false,11
1112,time_lt,scalarltjoinsel,b,1083,<,scalarltsel,10,1083,1113,16,false,false,11
1113,time_le,scalarlejoinsel,b,1083,<=,scalarlesel,10,1083,1112,16,false,false,11
1116,float84pl,-,b,701,+,-,10,700,0,701,false,false,11
1119,float84mul,-,b,701,*,-,10,700,0,701,false,false,11
1120,float84eq,eqjoinsel,b,701,=,eqsel,10,700,1131,16,true,true,11
1121,float84ne,neqjoinsel,b,701,<>,neqsel,10,700,1130,16,false,false,11
1122,float84gt,scalargtjoinsel,b,701,>,scalargtsel,10,700,1134,16,false,false,11
1123,float84lt,scalarltjoinsel,b,701,<,scalarltsel,10,700,1135,16,false,false,11
1124,float84ge,scalargejoinsel,b,701,>=,scalargesel,10,700,1132,16,false,false,11
1125,float84le,scalarlejoinsel,b,701,<=,scalarlesel,10,700,1133,16,false,false,11
1126,float48pl,-,b,700,+,-,10,701,0,701,false,false,11
1129,float48mul,-,b,700,*,-,10,701,0,701,false,false,11
1130,float48eq,eqjoinsel,b,700,=,eqsel,10,701,1121,16,true,true,11
1131,float48ne,neqjoinsel,b,700,<>,neqsel,10,701,1120,16,false,false,11
1132,float48gt,scalargtjoinsel,b,700,>,scalargtsel,10,701,1124,16,false,false,11
1133,float48lt,scalarltjoinsel,b,700,<,scalarltsel,10,701,1125,16,false,false,11
1134,float48ge,scalargejoinsel,b,700,>=,scalargesel,10,701,1122,16,false,false,11
1135,float48le,scalarlejoinsel,b,700,<=,scalarlesel,10,701,1123,16,false,false,11
1201,network_eq,eqjoinsel,b,869,=,eqsel,10,869,1202,16,true,true,11
1202,network_ne,neqjoinsel,b,869,<>,neqsel,10,869,1201,16,false,false,11
1203,network_gt,scalargtjoinsel,b,869,>,scalargtsel,10,869,1204,16,false,false,11
1204,network_ge,scalargejoinsel,b,869,>=,scalargesel,10,869,1203,16,false,false,11
1205,network_lt,scalarltjoinsel,b,869,<,scalarltsel,10,869,1206,16,false,false,11
1206,network_le,scalarlejoinsel,b,869,<=,scalarlesel,10,869,1205,16,false,false,11
1220,macaddr_eq,eqjoinsel,b,829,=,eqsel,10,829,1221,16,true,true,11
1221,macaddr_ne,neqjoinsel,b,829,<>,neqsel,10,829,1220,16,false,false,11
1222,macaddr_gt,scalargtjoinsel,b,829,>,scalargtsel,10,829,1223,16,false,false,11
1223,macaddr_ge,scalargejoinsel,b,829,>=,scalargesel,10,829,1222,16,false,false,11
1224,macaddr_lt,scalarltjoinsel,b,829,<,scalarltsel,10,829,1225,16,false,false,11
1225,macaddr_le,scalarlejoinsel,b,829,<=,scalarlesel,10,829,1224,16,false,false,11
1320,timestamptz_eq,eqjoinsel,b,1184,=,eqsel,10,1184,1321,16,true,true,11
1321,timestamptz_ne,neqjoinsel,b,1184,<>,neqsel,10,1184,1320,16,false,false,11
1322,timestamptz_gt,scalargtjoinsel,b,1184,>,scalargtsel,10,1184,1323,16,false,false,11
1323,timestamptz_ge,scalargejoinsel,b,1184,>=,scalargesel,10,1184,1322,16,false,false,11
1324,timestamptz_lt,scalarltjoinsel,b,1184,<,scalarltsel,10,1184,1325,16,false,false,11
1325,timestamptz_le,scalarlejoinsel,b,1184,<=,scalarlesel,10,1184,1324,16,false,false,11
1327,interval_pl_timestamptz,-,b,1186,+,-,10,1184,0,1184,false,false,11
1330,interval_eq,eqjoinsel,b,1186,=,eqsel,10,1186,1331,16,true,true,11
1331,interval_ne,neqjoinsel,b,1186,<>,neqsel,10,1186,1330,16,false,false,11
1332,interval_gt,scalargtjoinsel,b,1186,>,scalargtsel,10,1186,1333,16,false,false,11
1333,interval_ge,scalargejoinsel,b,1186,>=,scalargesel,10,1186,1332,16,false,false,11
1334,interval_lt,scalarltjoinsel,b,1186,<,scalarltsel,10,1186,1335,16,false,false,11
1335,interval_le,scalarlejoinsel,b,1186,<=,scalarlesel,10,1186,1334,16,false,false,11
1337,interval_pl,-,b,1186,+,-,10,1186,0,1186,false,false,11
1360,timedate_pl,-,b,1083,+,-,10,1082,0,1114,false,false,11
1361,timetzdate_pl,-,b,1266,+,-,10,1082,0,1184,false,false,11
1363,datetime_pl,-,b,1082,+,-,10,1083,0,1114,false,false,11
1366,datetimetz_pl,-,b,1082,+,-,10,1266,0,1184,false,false,11
1500,circle_eq,eqjoinsel,b,718,=,eqsel,10,718,1501,16,false,false,11
1501,circle_ne,neqjoinsel,b,718,<>,neqsel,10,718,1500,16,false,false,11
1502,circle_gt,areajoinsel,b,718,>,areasel,10,718,1504,16,false,false,11
1503,circle_lt,areajoinsel,b,718,<,areasel,10,718,1505,16,false,false,11
1504,circle_ge,areajoinsel,b,718,>=,areasel,10,718,1502,16,false,false,11
1505,circle_le,areajoinsel,b,718,<=,areasel,10,718,1503,16,false,false,11
1510,circle_contain,contjoinsel,b,718,@>,contsel,10,718,0,16,false,false,11
1511,circle_contained,contjoinsel,b,718,<@,contsel,10,718,0,16,false,false,11
1512,circle_same,eqjoinsel,b,718,~=,eqsel,10,718,0,16,false,false,11
1513,circle_overlap,areajoinsel,b,718,&&,areasel,10,718,0,16,false,false,11
1520,circle_distance,-,b,718,<->,-,10,718,0,701,false,false,11
1522,dist_cpoint,-,b,718,<->,-,10,600,0,701,false,false,11
1525,lseg_intersect,-,b,601,?#,-,10,601,0,16,false,false,11
1526,lseg_parallel,-,b,601,?||,-,10,601,0,16,false,false,11
1527,lseg_perp,-,b,601,?-|,-,10,601,0,16,false,false,11
1535,lseg_eq,eqjoinsel,b,601,=,eqsel,10,601,1586,16,false,false,11
1536,lseg_interpt,-,b,601,#,-,10,601,0,600,false,false,11
1550,timetz_eq,eqjoinsel,b,1266,=,eqsel,10,1266,1551,16,true,true,11
1551,timetz_ne,neqjoinsel,b,1266,<>,neqsel,10,1266,1550,16,false,false,11
1552,timetz_gt,scalargtjoinsel,b,1266,>,scalargtsel,10,1266,1553,16,false,false,11
1553,timetz_ge,scalargejoinsel,b,1266,>=,scalargesel,10,1266,1552,16,false,false,11
1554,timetz_lt,scalarltjoinsel,b,1266,<,scalarltsel,10,1266,1555,16,false,false,11
1555,timetz_le,scalarlejoinsel,b,1266,<=,scalarlesel,10,1266,1554,16,false,false,11
1583,mul_d_interval,-,b,701,*,-,10,1186,0,1186,false,false,11
1584,interval_mul,-,b,1186,*,-,10,701,0,1186,false,false,11
1586,lseg_ne,neqjoinsel,b,601,<>,neqsel,10,601,1535,16,false,false,11
1587,lseg_gt,-,b,601,>,-,10,601,1588,16,false,false,11
1588,lseg_ge,-,b,601,>=,-,10,601,1587,16,false,false,11
1589,lseg_lt,-,b,601,<,-,10,601,1590,16,false,false,11
1590,lseg_le,-,b,601,<=,-,10,601,1589,16,false,false,11
1611,line_intersect,-,b,628,?#,-,10,628,0,16,false,false,11
1612,line_parallel,-,b,628,?||,-,10,628,0,16,false,false,11
1613,line_perp,-,b,628,?-|,-,10,628,0,16,false,false,11
1616,line_eq,eqjoinsel,b,628,=,eqsel,10,628,0,16,false,false,11
1617,line_interpt,-,b,628,#,-,10,628,0,600,false,false,11
1694,boolge,scalargejoinsel,b,16,>=,scalargesel,10,16,58,16,false,false,11
1695,boolle,scalarlejoinsel,b,16,<=,scalarlesel,10,16,59,16,false,false,11
1752,numeric_eq,eqjoinsel,b,1700,=,eqsel,10,1700,1753,16,true,true,11
1753,numeric_ne,neqjoinsel,b,1700,<>,neqsel,10,1700,1752,16,false,false,11
1754,numeric_gt,scalargtjoinsel,b,1700,>,scalargtsel,10,1700,1755,16,false,false,11
1755,numeric_ge,scalargejoinsel,b,1700,>=,scalargesel,10,1700,1754,16,false,false,11
1756,numeric_lt,scalarltjoinsel,b,1700,<,scalarltsel,10,1700,1757,16,false,false,11
1757,numeric_le,scalarlejoinsel,b,1700,<=,scalarlesel,10,1700,1756,16,false,false,11
1758,numeric_add,-,b,1700,+,-,10,1700,0,1700,false,false,11
1760,numeric_mul,-,b,1700,*,-,10,1700,0,1700,false,false,11
1784,biteq,eqjoinsel,b,1560,=,eqsel,10,1560,1785,16,false,true,11
1785,bitne,neqjoinsel,b,1560,<>,neqsel,10,1560,1784,16,false,false,11
1786,bitgt,scalargtjoinsel,b,1560,>,scalargtsel,10,1560,1788,16,false,false,11
1787,bitlt,scalarltjoinsel,b,1560,<,scalarltsel,10,1560,1789,16,false,false,11
1788,bitge,scalargejoinsel,b,1560,>=,scalargesel,10,1560,1786,16,false,false,11
1789,bitle,scalarlejoinsel,b,1560,<=,scalarlesel,10,1560,1787,16,false,false,11
1791,bitand,-,b,1560,&,-,10,1560,0,1560,false,false,11
1792,bitor,-,b,1560,|,-,10,1560,0,1560,false,false,11
1793,bitxor,-,b,1560,#,-,10,1560,0,1560,false,false,11
1800,interval_pl_time,-,b,1186,+,-,10,1083,0,1083,false,false,11
1802,interval_pl_timetz,-,b,1186,+,-,10,1266,0,1266,false,false,11
1804,varbiteq,eqjoinsel,b,1562,=,eqsel,10,1562,1805,16,false,true,11
1805,varbitne,neqjoinsel,b,1562,<>,neqsel,10,1562,1804,16,false,false,11
1806,varbitgt,scalargtjoinsel,b,1562,>,scalargtsel,10,1562,1808,16,false,false,11
1807,varbitlt,scalarltjoinsel,b,1562,<,scalarltsel,10,1562,1809,16,false,false,11
1808,varbitge,scalargejoinsel,b,1562,>=,scalargesel,10,1562,1806,16,false,false,11
1809,varbitle,scalarlejoinsel,b,1562,<=,scalarlesel,10,1562,1807,16,false,false,11
1849,time_pl_interval,-,b,1083,+,-,10,1186,0,1083,false,false,11
1862,int82eq,eqjoinsel,b,20,=,eqsel,10,21,1869,16,true,true,11
1863,int82ne,neqjoinsel,b,20,<>,neqsel,10,21,1868,16,false,false,11
1864,int82gt,scalargtjoinsel,b,20,>,scalargtsel,10,21,1872,16,false,false,11
1865,int82lt,scalarltjoinsel,b,20,<,scalarltsel,10,21,1873,16,false,false,11
1866,int82ge,scalargejoinsel,b,20,>=,scalargesel,10,21,1870,16,false,false,11
1867,int82le,scalarlejoinsel,b,20,<=,scalarlesel,10,21,1871,16,false,false,11
1868,int28eq,eqjoinsel,b,21,=,eqsel,10,20,1863,16,true,true,11
1869,int28ne,neqjoinsel,b,21,<>,neqsel,10,20,1862,16,false,false,11
1870,int28gt,scalargtjoinsel,b,21,>,scalargtsel,10,20,1866,16,false,false,11
1871,int28lt,scalarltjoinsel,b,21,<,scalarltsel,10,20,1867,16,false,false,11
1872,int28ge,scalargejoinsel,b,21,>=,scalargesel,10,20,1864,16,false,false,11
1873,int28le,scalarlejoinsel,b,21,<=,scalarlesel,10,20,1865,16,false,false,11
1874,int2and,-,b,21,&,-,10,21,0,21,false,false,11
1875,int2or,-,b,21,|,-,10,21,0,21,false,false,11
1876,int2xor,-,b,21,#,-,10,21,0,21,false,false,11
1880,int4and,-,b,23,&,-,10,23,0,23,false,false,11
1881,int4or,-,b,23,|,-,10,23,0,23,false,false,11
1882,int4xor,-,b,23,#,-,10,23,0,23,false,false,11
1886,int8and,-,b,20,&,-,10,20,0,20,false,false,11
1887,int8or,-,b,20,|,-,10,20,0,20,false,false,11
1888,int8xor,-,b,20,#,-,10,20,0,20,false,false,11
1955,byteaeq,eqjoinsel,b,17,=,eqsel,10,17,1956,16,true,true,11
1956,byteane,neqjoinsel,b,17,<>,neqsel,10,17,1955,16,false,false,11
1957,byteagt,scalargtjoinsel,b,17,>,scalargtsel,10,17,1958,16,false,false,11
1958,byteage,scalargejoinsel,b,17,>=,scalargesel,10,17,1957,16,false,false,11
1959,bytealt,scalarltjoinsel,b,17,<,scalarltsel,10,17,1960,16,false,false,11
1960,byteale,scalarlejoinsel,b,17,<=,scalarlesel,10,17,1959,16,false,false,11
2060,timestamp_eq,eqjoinsel,b,1114,=,eqsel,10,1114,2061,16,true,true,11
2061,timestamp_ne,neqjoinsel,b,1114,<>,neqsel,10,1114,2060,16,false,false,11
2062,timestamp_gt,scalargtjoinsel,b,1114,>,scalargtsel,10,1114,2063,16,false,false,11
2063,timestamp_ge,scalargejoinsel,b,1114,>=,scalargesel,10,1114,2062,16,false,false,11
2064,timestamp_lt,scalarltjoinsel,b,1114,<,scalarltsel,10,1114,2065,16,false,false,11
2065,timestamp_le,scalarlejoinsel,b,1114,<=,scalarlesel,10,1114,2064,16,false,false,11
2066,interval_pl_timestamp,-,b,1186,+,-,10,1114,0,1114,false,false,11
2314,text_pattern_gt,scalargtjoinsel,b,25,~>~,scalargtsel,10,25,2315,16,false,false,11
2315,text_pattern_ge,scalargejoinsel,b,25,~>=~,scalargesel,10,25,2314,16,false,false,11
2317,text_pattern_le,scalarlejoinsel,b,25,~<=~,scalarlesel,10,25,2318,16,false,false,11
2318,text_pattern_lt,scalarltjoinsel,b,25,~<~,scalarltsel,10,25,2317,16,false,false,11
2326,bpchar_pattern_gt,scalargtjoinsel,b,1042,~>~,scalargtsel,10,1042,2327,16,false,false,11
2327,bpchar_pattern_ge,scalargejoinsel,b,1042,~>=~,scalargesel,10,1042,2326,16,false,false,11
2329,bpchar_pattern_le,scalarlejoinsel,b,1042,~<=~,scalarlesel,10,1042,2330,16,false,false,11
2330,bpchar_pattern_lt,scalarltjoinsel,b,1042,~<~,scalarltsel,10,1042,2329,16,false,false,11
2345,timestamp_gt_date,scalargtjoinsel,b,1114,>,scalargtsel,10,1082,2372,16,false,false,11
2346,timestamp_ge_date,scalargejoinsel,b,1114,>=,scalargesel,10,1082,2371,16,false,false,11
2347,timestamp_eq_date,eqjoinsel,b,1114,=,eqsel,10,1082,2376,16,false,true,11
2348,timestamp_le_date,scalarlejoinsel,b,1114,<=,scalarlesel,10,1082,2375,16,false,false,11
2349,timestamp_lt_date,scalarltjoinsel,b,1114,<,scalarltsel,10,1082,2374,16,false,false,11
2350,timestamp_ne_date,neqjoinsel,b,1114,<>,neqsel,10,1082,2373,16,false,false,11
2358,timestamptz_gt_date,scalargtjoinsel,b,1184,>,scalargtsel,10,1082,2385,16,false,false,11
2359,timestamptz_ge_date,scalargejoinsel,b,1184,>=,scalargesel,10,1082,2384,16,false,false,11
2360,timestamptz_eq_date,eqjoinsel,b,1184,=,eqsel,10,1082,2389,16,false,true,11
2361,timestamptz_le_date,scalarlejoinsel,b,1184,<=,scalarlesel,10,1082,2388,16,false,false,11
2362,timestamptz_lt_date,scalarltjoinsel,b,1184,<,scalarltsel,10,1082,2387,16,false,false,11
2363,timestamptz_ne_date,neqjoinsel,b,1184,<>,neqsel,10,1082,2386,16,false,false,11
2371,date_gt_timestamp,scalargtjoinsel,b,1082,>,scalargtsel,10,1114,2346,16,false,false,11
2372,date_ge_timestamp,scalargejoinsel,b,1082,>=,scalargesel,10,1114,2345,16,false,false,11
2373,date_eq_timestamp,eqjoinsel,b,1082,=,eqsel,10,1114,2350,16,false,true,11
2374,date_le_timestamp,scalarlejoinsel,b,1082,<=,scalarlesel,10,1114,2349,16,false,false,11
2375,date_lt_timestamp,scalarltjoinsel,b,1082,<,scalarltsel,10,1114,2348,16,false,false,11
2376,date_ne_timestamp,neqjoinsel,b,1082,<>,neqsel,10,1114,2347,16,false,false,11
2384,date_gt_timestamptz,scalargtjoinsel,b,1082,>,scalargtsel,10,1184,2359,16,false,false,11
2385,date_ge_timestamptz,scalargejoinsel,b,1082,>=,scalargesel,10,1184,2358,16,false,false,11
2386,date_eq_timestamptz,eqjoinsel,b,1082,=,eqsel,10,1184,2363,16,false,true,11
2387,date_le_timestamptz,scalarlejoinsel,b,1082,<=,scalarlesel,10,1184,2362,16,false,false,11
2388,date_lt_timestamptz,scalarltjoinsel,b,1082,<,scalarltsel,10,1184,2361,16,false,false,11
2389,date_ne_timestamptz,neqjoinsel,b,1082,<>,neqsel,10,1184,2360,16,false,false,11
2534,timestamptz_gt_timestamp,scalargtjoinsel,b,1184,>,scalargtsel,10,1114,2541,16,false,false,11
2535,timestamptz_ge_timestamp,scalargejoinsel,b,1184,>=,scalargesel,10,1114,2540,16,false,false,11
2536,timestamptz_eq_timestamp,eqjoinsel,b,1184,=,eqsel,10,1114,2545,16,false,true,11
2537,timestamptz_le_timestamp,scalarlejoinsel,b,1184,<=,scalarlesel,10,1114,2544,16,false,false,11
2538,timestamptz_lt_timestamp,scalarltjoinsel,b,1184,<,scalarltsel,10,1114,2543,16,false,false,11
2539,timestamptz_ne_timestamp,neqjoinsel,b,1184,<>,neqsel,10,1114,2542,16,false,false,11
2540,timestamp_gt_timestamptz,scalargtjoinsel,b,1114,>,scalargtsel,10,1184,2535,16,false,false,11
2541,timestamp_ge_timestamptz,scalargejoinsel,b,1114,>=,scalargesel,10,1184,2534,16,false,false,11
2542,timestamp_eq_timestamptz,eqjoinsel,b,1114,=,eqsel,10,1184,2539,16,false,true,11
2543,timestamp_le_timestamptz,scalarlejoinsel,b,1114,<=,scalarlesel,10,1184,2538,16,false,false,11
2544,timestamp_lt_timestamptz,scalarltjoinsel,b,1114,<,scalarltsel,10,1184,2537,16,false,false,11
2545,timestamp_ne_timestamptz,neqjoinsel,b,1114,<>,neqsel,10,1184,2536,16,false,false,11
2551,date_pl_interval,-,b,1082,+,-,10,1186,0,1114,false,false,11
2552,timetz_pl_interval,-,b,1266,+,-,10,1186,0,1266,false,false,11
2553,timestamp_pl_interval,-,b,1114,+,-,10,1186,0,1114,false,false,11
2554,timestamptz_pl_interval,-,b,1184,+,-,10,1186,0,1184,false,false,11
2555,date_pli,-,b,1082,+,-,10,23,0,1082,false,false,11
2637,int8pl_inet,-,b,20,+,-,10,869,0,869,false,false,11
2638,inetpl,-,b,869,+,-,10,20,0,869,false,false,11
2750,arrayoverlap,arraycontjoinsel,b,2277,&&,arraycontsel,10,2277,0,16,false,false,11
2751,arraycontained,arraycontjoinsel,b,2277,<@,arraycontsel,10,2277,0,16,false,false,11
2752,arraycontains,arraycontjoinsel,b,2277,@>,arraycontsel,10,2277,0,16,false,false,11
2799,tidgt,scalargtjoinsel,b,27,>,scalargtsel,10,27,2801,16,false,false,11
2800,tidlt,scalarltjoinsel,b,27,<,scalarltsel,10,27,2802,16,false,false,11
2801,tidge,scalargejoinsel,b,27,>=,scalargesel,10,27,2799,16,false,false,11
2802,tidle,scalarlejoinsel,b,27,<=,scalarlesel,10,27,2800,16,false,false,11
2860,poly_contain,contjoinsel,b,604,~,contsel,10,604,0,16,false,false,11
2861,poly_contained,contjoinsel,b,604,@,contsel,10,604,0,16,false,false,11
2862,box_contain,contjoinsel,b,603,~,contsel,10,603,0,16,false,false,11
2863,box_contained,contjoinsel,b,603,@,contsel,10,603,0,16,false,false,11
2864,circle_contain,contjoinsel,b,718,~,contsel,10,718,0,16,false,false,11
2865,circle_contained,contjoinsel,b,718,@,contsel,10,718,0,16,false,false,11
2867,path_contain_pt,-,b,602,~,-,10,600,0,16,false,false,11
2868,on_ppath,-,b,600,@,-,10,602,0,16,false,false,11
2869,poly_contain_pt,-,b,604,~,-,10,600,0,16,false,false,11
2870,pt_contained_poly,-,b,600,@,-,10,604,0,16,false,false,11
2871,circle_contain_pt,-,b,718,~,-,10,600,0,16,false,false,11
2872,pt_contained_circle,-,b,600,@,-,10,718,0,16,false,false,11
2972,uuid_eq,eqjoinsel,b,2950,=,eqsel,10,2950,2973,16,true,true,11
2973,uuid_ne,neqjoinsel,b,2950,<>,neqsel,10,2950,2972,16,false,false,11
2974,uuid_gt,scalargtjoinsel,b,2950,>,scalargtsel,10,2950,2976,16,false,false,11
2975,uuid_lt,scalarltjoinsel,b,2950,<,scalarltsel,10,2950,2977,16,false,false,11
2976,uuid_ge,scalargejoinsel,b,2950,>=,scalargesel,10,2950,2974,16,false,false,11
2977,uuid_le,scalarlejoinsel,b,2950,<=,scalarlesel,10,2950,2975,16,false,false,11
2988,record_eq,eqjoinsel,b,2249,=,eqsel,10,2249,2989,16,false,true,11
2989,record_ne,neqjoinsel,b,2249,<>,neqsel,10,2249,2988,16,false,false,11
2990,record_gt,scalargtjoinsel,b,2249,>,scalargtsel,10,2249,2992,16,false,false,11
2991,record_lt,scalarltjoinsel,b,2249,<,scalarltsel,10,2249,2993,16,false,false,11
2992,record_ge,scalargejoinsel,b,2249,>=,scalargesel,10,2249,2990,16,false,false,11
2993,record_le,scalarlejoinsel,b,2249,<=,scalarlesel,10,2249,2991,16,false,false,11
3188,record_image_eq,eqjoinsel,b,2249,*=,eqsel,10,2249,3189,16,false,true,11
3189,record_image_ne,neqjoinsel,b,2249,*<>,neqsel,10,2249,3188,16,false,false,11
3190,record_image_gt,scalargtjoinsel,b,2249,*>,scalargtsel,10,2249,3192,16,false,false,11
3191,record_image_lt,scalarltjoinsel,b,2249,*<,scalarltsel,10,2249,3193,16,false,false,11
3192,record_image_ge,scalargejoinsel,b,2249,*>=,scalargesel,10,2249,3190,16,false,false,11
3193,record_image_le,scalarlejoinsel,b,2249,*<=,scalarlesel,10,2249,3191,16,false,false,11
3222,pg_lsn_eq,eqjoinsel,b,3220,=,eqsel,10,3220,3223,16,true,true,11
3223,pg_lsn_ne,neqjoinsel,b,3220,<>,neqsel,10,3220,3222,16,false,false,11
3224,pg_lsn_gt,scalargtjoinsel,b,3220,>,scalargtsel,10,3220,3226,16,false,false,11
3225,pg_lsn_lt,scalarltjoinsel,b,3220,<,scalarltsel,10,3220,3227,16,false,false,11
3226,pg_lsn_ge,scalargejoinsel,b,3220,>=,scalargesel,10,3220,3224,16,false,false,11
3227,pg_lsn_le,scalarlejoinsel,b,3220,<=,scalarlesel,10,3220,3225,16,false,false,11
3240,jsonb_eq,eqjoinsel,b,3802,=,eqsel,10,3802,3241,16,true,true,11
3241,jsonb_ne,neqjoinsel,b,3802,<>,neqsel,10,3802,3240,16,false,false,11
3242,jsonb_gt,scalargtjoinsel,b,3802,>,scalargtsel,10,3802,3244,16,false,false,11
3243,jsonb_lt,scalarltjoinsel,b,3802,<,scalarltsel,10,3802,3245,16,false,false,11
3244,jsonb_ge,scalargejoinsel,b,3802,>=,scalargesel,10,3802,3242,16,false,false,11
3245,jsonb_le,scalarlejoinsel,b,3802,<=,scalarlesel,10,3802,3243,16,false,false,11
3246,jsonb_contained,contjoinsel,b,3802,<@,contsel,10,3802,0,16,false,false,11
3250,jsonb_contains,contjoinsel,b,3802,@>,contsel,10,3802,0,16,false,false,11
3276,dist_polyp,-,b,604,<->,-,10,600,0,701,false,false,11
3289,dist_ppoly,-,b,600,<->,-,10,604,0,701,false,false,11
3291,dist_pc,-,b,600,<->,-,10,718,0,701,false,false,11
3315,xidneq,neqjoinsel,b,28,<>,neqsel,10,28,352,16,false,false,11
3346,int8_mul_cash,-,b,20,*,-,10,790,0,790,false,false,11
3349,cash_mul_int8,-,b,790,*,-,10,20,0,790,false,false,11
3362,macaddr8_eq,eqjoinsel,b,774,=,eqsel,10,774,3363,16,true,true,11
3363,macaddr8_ne,neqjoinsel,b,774,<>,neqsel,10,774,3362,16,false,false,11
3364,macaddr8_gt,scalargtjoinsel,b,774,>,scalargtsel,10,774,3365,16,false,false,11
3365,macaddr8_ge,scalargejoinsel,b,774,>=,scalargesel,10,774,3364,16,false,false,11
3366,macaddr8_lt,scalarltjoinsel,b,774,<,scalarltsel,10,774,3367,16,false,false,11
3367,macaddr8_le,scalarlejoinsel,b,774,<=,scalarlesel,10,774,3366,16,false,false,11
3516,enum_eq,eqjoinsel,b,3500,=,eqsel,10,3500,3517,16,true,true,11
3517,enum_ne,neqjoinsel,b,3500,<>,neqsel,10,3500,3516,16,false,false,11
3518,enum_gt,scalargtjoinsel,b,3500,>,scalargtsel,10,3500,3520,16,false,false,11
3519,enum_lt,scalarltjoinsel,b,3500,<,scalarltsel,10,3500,3521,16,false,false,11
3520,enum_ge,scalargejoinsel,b,3500,>=,scalargesel,10,3500,3518,16,false,false,11
3521,enum_le,scalarlejoinsel,b,3500,<=,scalarlesel,10,3500,3519,16,false,false,11
3552,network_overlap,networkjoinsel,b,869,&&,networksel,10,869,0,16,false,false,11
3627,tsvector_gt,scalargtjoinsel,b,3614,>,scalargtsel,10,3614,3628,16,false,false,11
3628,tsvector_ge,scalargejoinsel,b,3614,>=,scalargesel,10,3614,3627,16,false,false,11
3629,tsvector_eq,eqjoinsel,b,3614,=,eqsel,10,3614,3630,16,false,true,11
3630,tsvector_ne,neqjoinsel,b,3614,<>,neqsel,10,3614,3629,16,false,false,11
3631,tsvector_le,scalarlejoinsel,b,3614,<=,scalarlesel,10,3614,3632,16,false,false,11
3632,tsvector_lt,scalarltjoinsel,b,3614,<,scalarltsel,10,3614,3631,16,false,false,11
3636,ts_match_qv,tsmatchjoinsel,b,3615,@@,tsmatchsel,10,3614,0,16,false,false,11
3637,ts_match_vq,tsmatchjoinsel,b,3614,@@,tsmatchsel,10,3615,0,16,false,false,11
3660,ts_match_qv,tsmatchjoinsel,b,3615,@@@,tsmatchsel,10,3614,0,16,false,false,11
3661,ts_match_vq,tsmatchjoinsel,b,3614,@@@,tsmatchsel,10,3615,0,16,false,false,11
3674,tsquery_gt,scalargtjoinsel,b,3615,>,scalargtsel,10,3615,3675,16,false,false,11
3675,tsquery_ge,scalargejoinsel,b,3615,>=,scalargesel,10,3615,3674,16,false,false,11
3676,tsquery_eq,eqjoinsel,b,3615,=,eqsel,10,3615,3677,16,false,true,11
3677,tsquery_ne,neqjoinsel,b,3615,<>,neqsel,10,3615,3676,16,false,false,11
3678,tsquery_le,scalarlejoinsel,b,3615,<=,scalarlesel,10,3615,3679,16,false,false,11
3679,tsquery_lt,scalarltjoinsel,b,3615,<,scalarltsel,10,3615,3678,16,false,false,11
3693,tsq_mcontained,contjoinsel,b,3615,<@,contsel,10,3615,0,16,false,false,11
3694,tsq_mcontains,contjoinsel,b,3615,@>,contsel,10,3615,0,16,false,false,11
3882,range_eq,eqjoinsel,b,3831,=,eqsel,10,3831,3883,16,true,true,11
3883,range_ne,neqjoinsel,b,3831,<>,neqsel,10,3831,3882,16,false,false,11
3884,range_gt,scalargtjoinsel,b,3831,>,rangesel,10,3831,3885,16,false,false,11
3885,range_ge,scalargejoinsel,b,3831,>=,rangesel,10,3831,3884,16,false,false,11
3886,range_le,scalarlejoinsel,b,3831,<=,rangesel,10,3831,3887,16,false,false,11
3887,range_lt,scalarltjoinsel,b,3831,<,rangesel,10,3831,3886,16,false,false,11
3888,range_overlaps,areajoinsel,b,3831,&&,rangesel,10,3831,0,16,false,false,11
3889,elem_contained_by_range,contjoinsel,b,2283,<@,rangesel,10,3831,0,16,false,false,11
3890,range_contained_by,contjoinsel,b,3831,<@,rangesel,10,3831,0,16,false,false,11
3891,range_contains_elem,contjoinsel,b,3831,@>,rangesel,10,2283,0,16,false,false,11
3892,range_contains,contjoinsel,b,3831,@>,rangesel,10,3831,0,16,false,false,11
3893,range_after,scalargtjoinsel,b,3831,>>,rangesel,10,3831,0,16,false,false,11
3894,range_before,scalarltjoinsel,b,3831,<<,rangesel,10,3831,0,16,false,false,11
3897,range_adjacent,contjoinsel,b,3831,-|-,contsel,10,3831,0,16,false,false,11
3898,range_union,-,b,3831,+,-,10,3831,0,3831,false,false,11
3900,range_intersect,-,b,3831,*,-,10,3831,0,3831,false,false,11

